id,year,crop,season,min_support_price
0,2022-2023,Paddy - Common,Kharif,2040
1,2022-2023,Paddy - Grade 'A',Kharif,2060
2,2022-2023,Jowar - Hybrid,Kharif,2970
3,2022-2023,Jowar - Maldandi,Kharif,2990
4,2022-2023,Bajra,Kharif,2350
5,2022-2023,Maize,Kharif,1962
6,2022-2023,Ragi,Kharif,3578
7,2022-2023,Arhar(Tur),Kharif,6600
8,2022-2023,"Moong,",Kharif,7755
9,2022-2023,Urad,Kharif,6600
10,2022-2023,Cotton,Kharif,6080
11,2022-2023,Cotton H-4,Kharif,6380
12,2022-2023,Groundnut In Shell,Kharif,5850
13,2022-2023,Sunflower  Seed,Kharif,6400
14,2022-2023,Soyabeen - Yellow,Kharif,7287
15,2022-2023,Sesamum,Kharif,7830
16,2022-2023,Nigerseed,Kharif,7287
17,2022-2023,Wheat,Rabi,2125
18,2022-2023,Barley,Rabi,1735
19,2022-2023,Gram,Rabi,5335
20,2022-2023,Masur (Lentil),Rabi,6000
21,2022-2023,Rapeseed/Mustard,Rabi,5450
22,2022-2023,Safflower,Rabi,5650
24,2022-2023,Copra - Milling,Others,10590
25,2022-2023,Copra - Ball,Others,11000
26,2022-2023,De-Husked Coconut,Others,2860
27,2022-2023,Jute,Others,4750
28,2021-2022,Paddy - Common,Kharif,1940
29,2021-2022,Paddy - Grade 'A',Kharif,1960
30,2021-2022,Jowar - Hybrid,Kharif,2738
31,2021-2022,Jowar - Maldandi,Kharif,2758
32,2021-2022,Bajra,Kharif,2250
33,2021-2022,Maize,Kharif,1870
34,2021-2022,Ragi,Kharif,3377
35,2021-2022,Arhar(Tur),Kharif,6300
36,2021-2022,"Moong,",Kharif,7275
37,2021-2022,Urad,Kharif,6300
38,2021-2022,Cotton,Kharif,5726
39,2021-2022,Cotton H-4,Kharif,6025
40,2021-2022,Groundnut In Shell,Kharif,5550
41,2021-2022,Sunflower  Seed,Kharif,6015
42,2021-2022,Soyabeen - Yellow,Kharif,3950
43,2021-2022,Sesamum,Kharif,7307
44,2021-2022,Nigerseed,Kharif,6930
45,2021-2022,Wheat,Rabi,2015
46,2021-2022,Barley,Rabi,1635
47,2021-2022,Gram,Rabi,5230
48,2021-2022,Masur (Lentil),Rabi,5500
49,2021-2022,Rapeseed/Mustard,Rabi,5050
50,2021-2022,Safflower,Rabi,5441
51,2021-2022,Toria,Rabi,5050
52,2021-2022,Copra - Milling,Others,10335
53,2021-2022,Copra - Ball,Others,10600
54,2021-2022,De-Husked Coconut,Others,2800
55,2021-2022,Jute,Others,4500
56,2020-2021,Paddy - Common,Kharif,1868
57,2020-2021,Paddy - Grade 'A',Kharif,1888
58,2020-2021,Jowar - Hybrid,Kharif,2620
59,2020-2021,Jowar - Maldandi,Kharif,2640
60,2020-2021,Bajra,Kharif,2150
61,2020-2021,Maize,Kharif,1850
62,2020-2021,Ragi,Kharif,3295
63,2020-2021,Arhar(Tur),Kharif,6000
64,2020-2021,"Moong,",Kharif,7196
65,2020-2021,Urad,Kharif,6000
66,2020-2021,Cotton,Kharif,5515
67,2020-2021,Cotton H-4,Kharif,5825
68,2020-2021,Groundnut In Shell,Kharif,5275
69,2020-2021,Sunflower  Seed,Kharif,5885
70,2020-2021,Soyabeen - Yellow,Kharif,3880
71,2020-2021,Sesamum,Kharif,6249
72,2020-2021,Nigerseed,Kharif,6695
73,2020-2021,Wheat,Rabi,1975
74,2020-2021,Barley,Rabi,1600
75,2020-2021,Gram,Rabi,5100
76,2020-2021,Masur (Lentil),Rabi,5100
77,2020-2021,Rapeseed/Mustard,Rabi,4650
78,2020-2021,Safflower,Rabi,5327
79,2020-2021,Toria,Rabi,4650
80,2020-2021,Copra - Milling,Others,9960
81,2020-2021,Copra - Ball,Others,10300
82,2020-2021,De-Husked Coconut,Others,2700
83,2020-2021,Jute,Others,4225
84,2019-2020,Paddy - Common,Kharif,1815
85,2019-2020,Paddy - Grade 'A',Kharif,1835
86,2019-2020,Jowar - Hybrid,Kharif,2550
87,2019-2020,Jowar - Maldandi,Kharif,2570
88,2019-2020,Bajra,Kharif,2000
89,2019-2020,Maize,Kharif,1760
90,2019-2020,Ragi,Kharif,3150
91,2019-2020,Arhar(Tur),Kharif,5800
92,2019-2020,"Moong,",Kharif,7050
93,2019-2020,Urad,Kharif,5700
94,2019-2020,Cotton,Kharif,5255
95,2019-2020,Cotton H-4,Kharif,5550
96,2019-2020,Groundnut In Shell,Kharif,5090
97,2019-2020,Sunflower  Seed,Kharif,5650
98,2019-2020,Soyabeen - Yellow,Kharif,3710
99,2019-2020,Sesamum,Kharif,6485
100,2019-2020,Nigerseed,Kharif,5940
101,2019-2020,Wheat,Rabi,1925
102,2019-2020,Barley,Rabi,1525
103,2019-2020,Gram,Rabi,4875
104,2019-2020,Masur (Lentil),Rabi,4800
105,2019-2020,Rapeseed/Mustard,Rabi,4425
106,2019-2020,Safflower,Rabi,5215
107,2019-2020,Toria,Rabi,4425
108,2019-2020,Copra - Milling,Others,9521
109,2019-2020,Copra - Ball,Others,9920
110,2019-2020,De-Husked Coconut,Others,2571
111,2019-2020,Jute,Others,3950
112,2018-2019,Paddy - Common,Kharif,1750
113,2018-2019,Paddy - Grade 'A',Kharif,1770
114,2018-2019,Jowar - Hybrid,Kharif,2430
115,2018-2019,Jowar - Maldandi,Kharif,2450
116,2018-2019,Bajra,Kharif,1950
117,2018-2019,Maize,Kharif,1700
118,2018-2019,Ragi,Kharif,2897
119,2018-2019,Arhar(Tur),Kharif,5675
120,2018-2019,"Moong,",Kharif,6975
121,2018-2019,Urad,Kharif,5600
122,2018-2019,Cotton,Kharif,5150
123,2018-2019,Cotton H-4,Kharif,5450
124,2018-2019,Groundnut In Shell,Kharif,4890
125,2018-2019,Sunflower  Seed,Kharif,5388
126,2018-2019,Soyabeen - Yellow,Kharif,3399
127,2018-2019,Sesamum,Kharif,6249
128,2018-2019,Nigerseed,Kharif,5877
129,2018-2019,Wheat,Rabi,1840
130,2018-2019,Barley,Rabi,1440
131,2018-2019,Gram,Rabi,4620
132,2018-2019,Masur (Lentil),Rabi,4475
133,2018-2019,Rapeseed/Mustard,Rabi,4200
134,2018-2019,Safflower,Rabi,4945
135,2018-2019,Toria,Rabi,4190
136,2018-2019,Copra - Milling,Others,7511
137,2018-2019,Copra - Ball,Others,7750
138,2018-2019,De-Husked Coconut,Others,2030
139,2018-2019,Jute,Others,3700
140,2017-2018,Paddy - Common,Kharif,1550
141,2017-2018,Paddy - Grade 'A',Kharif,1590
142,2017-2018,Jowar - Hybrid,Kharif,1700
143,2017-2018,Jowar - Maldandi,Kharif,1725
144,2017-2018,Bajra,Kharif,1425
145,2017-2018,Maize,Kharif,1425
146,2017-2018,Ragi,Kharif,1900
147,2017-2018,Arhar(Tur),Kharif,5450
148,2017-2018,"Moong,",Kharif,5575
149,2017-2018,Urad,Kharif,5400
150,2017-2018,Cotton,Kharif,4020
151,2017-2018,Cotton H-4,Kharif,4320
152,2017-2018,Groundnut In Shell,Kharif,4450
153,2017-2018,Sunflower  Seed,Kharif,4100
154,2017-2018,Soyabeen - Yellow,Kharif,3050
155,2017-2018,Sesamum,Kharif,5300
156,2017-2018,Nigerseed,Kharif,4050
157,2017-2018,Wheat,Rabi,1735
158,2017-2018,Barley,Rabi,1410
159,2017-2018,Gram,Rabi,4400
160,2017-2018,Masur (Lentil),Rabi,4250
161,2017-2018,Rapeseed/Mustard,Rabi,4000
162,2017-2018,Safflower,Rabi,4100
163,2017-2018,Toria,Rabi,3900
164,2017-2018,Copra - Milling,Others,6500
165,2017-2018,Copra - Ball,Others,6785
166,2017-2018,De-Husked Coconut,Others,1760
167,2017-2018,Jute,Others,3500
168,2017-2018,Sugarcane ,Others,255
169,2016-2017,Paddy - Common,Kharif,1470
170,2016-2017,Paddy - Grade 'A',Kharif,1510
171,2016-2017,Jowar - Hybrid,Kharif,1625
172,2016-2017,Jowar - Maldandi,Kharif,1650
173,2016-2017,Bajra,Kharif,1330
174,2016-2017,Maize,Kharif,1365
175,2016-2017,Ragi,Kharif,1725
176,2016-2017,Arhar(Tur),Kharif,5050
177,2016-2017,"Moong,",Kharif,5225
178,2016-2017,Urad,Kharif,5000
179,2016-2017,Cotton,Kharif,3860
180,2016-2017,Cotton H-4,Kharif,4160
181,2016-2017,Groundnut In Shell,Kharif,4220
182,2016-2017,Sunflower  Seed,Kharif,3950
183,2016-2017,Soyabeen - Yellow,Kharif,2775
184,2016-2017,Sesamum,Kharif,5000
185,2016-2017,Nigerseed,Kharif,3825
186,2016-2017,Wheat,Rabi,1625
187,2016-2017,Barley,Rabi,1325
188,2016-2017,Gram,Rabi,4000
189,2016-2017,Masur (Lentil),Rabi,3950
190,2016-2017,Rapeseed/Mustard,Rabi,3700
191,2016-2017,Safflower,Rabi,3700
192,2016-2017,Toria,Rabi,3560
193,2016-2017,Copra - Milling,Others,5950
194,2016-2017,Copra - Ball,Others,6240
195,2016-2017,De-Husked Coconut,Others,1600
196,2016-2017,Jute,Others,3200
197,2016-2017,Sugarcane ,Others,230
198,2015-2016,Paddy - Common,Kharif,1410
199,2015-2016,Paddy - Grade 'A',Kharif,1450
200,2015-2016,Jowar - Hybrid,Kharif,1570
201,2015-2016,Jowar - Maldandi,Kharif,1590
202,2015-2016,Bajra,Kharif,1275
203,2015-2016,Maize,Kharif,1325
204,2015-2016,Ragi,Kharif,1650
205,2015-2016,Arhar(Tur),Kharif,4625
206,2015-2016,"Moong,",Kharif,4850
207,2015-2016,Urad,Kharif,4625
208,2015-2016,Cotton,Kharif,3800
209,2015-2016,Cotton H-4,Kharif,4100
210,2015-2016,Groundnut In Shell,Kharif,4030
211,2015-2016,Sunflower  Seed,Kharif,3800
212,2015-2016,Soyabeen - Yellow,Kharif,2600
213,2015-2016,Sesamum,Kharif,4700
214,2015-2016,Nigerseed,Kharif,3650
215,2015-2016,Wheat,Rabi,1525
216,2015-2016,Barley,Rabi,1225
217,2015-2016,Gram,Rabi,3500
218,2015-2016,Masur (Lentil),Rabi,3400
219,2015-2016,Rapeseed/Mustard,Rabi,3350
220,2015-2016,Safflower,Rabi,3300
221,2015-2016,Toria,Rabi,3290
222,2015-2016,Copra - Milling,Others,5550
223,2015-2016,Copra - Ball,Others,5830
224,2015-2016,De-Husked Coconut,Others,1500
225,2015-2016,Jute,Others,2700
226,2015-2016,Sugarcane ,Others,230
227,2014-2015,Paddy - Common,Kharif,1360
228,2014-2015,Paddy - Grade 'A',Kharif,1400
229,2014-2015,Jowar - Hybrid,Kharif,1530
230,2014-2015,Jowar - Maldandi,Kharif,1550
231,2014-2015,Bajra,Kharif,1250
232,2014-2015,Maize,Kharif,1310
233,2014-2015,Ragi,Kharif,1550
234,2014-2015,Arhar(Tur),Kharif,4350
235,2014-2015,"Moong,",Kharif,4600
236,2014-2015,Urad,Kharif,4350
237,2014-2015,Cotton,Kharif,3750
238,2014-2015,Cotton H-4,Kharif,4050
239,2014-2015,Groundnut In Shell,Kharif,4000
240,2014-2015,Sunflower  Seed,Kharif,3750
241,2014-2015,Soyabeen - Black,Kharif,2500
242,2014-2015,Soyabeen - Yellow,Kharif,2560
243,2014-2015,Sesamum,Kharif,4600
244,2014-2015,Nigerseed,Kharif,3600
245,2014-2015,Wheat,Rabi,1450
246,2014-2015,Barley,Rabi,1150
247,2014-2015,Gram,Rabi,3175
248,2014-2015,Masur (Lentil),Rabi,3075
249,2014-2015,Rapeseed/Mustard,Rabi,3100
250,2014-2015,Safflower,Rabi,3050
251,2014-2015,Toria,Rabi,3020
252,2014-2015,Copra - Milling,Others,5250
253,2014-2015,Copra - Ball,Others,5500
254,2014-2015,De-Husked Coconut,Others,1425
255,2014-2015,Jute,Others,2400
256,2014-2015,Sugarcane ,Others,220
257,2013-2014,Paddy - Common,Kharif,1310
258,2013-2014,Paddy - Grade 'A',Kharif,1345
259,2013-2014,Jowar - Hybrid,Kharif,1500
260,2013-2014,Jowar - Maldandi,Kharif,1520
261,2013-2014,Bajra,Kharif,1250
262,2013-2014,Maize,Kharif,1310
263,2013-2014,Ragi,Kharif,1500
264,2013-2014,Arhar(Tur),Kharif,4300
265,2013-2014,"Moong,",Kharif,4500
266,2013-2014,Urad,Kharif,4300
267,2013-2014,Cotton,Kharif,3700
268,2013-2014,Cotton H-4,Kharif,4000
269,2013-2014,Groundnut In Shell,Kharif,4000
270,2013-2014,Sunflower  Seed,Kharif,3700
271,2013-2014,Soyabeen - Black,Kharif,2500
272,2013-2014,Soyabeen - Yellow,Kharif,2560
273,2013-2014,Sesamum,Kharif,4500
274,2013-2014,Nigerseed,Kharif,3500
275,2013-2014,Wheat,Rabi,1400
276,2013-2014,Barley,Rabi,1100
277,2013-2014,Gram,Rabi,3100
278,2013-2014,Masur (Lentil),Rabi,2950
279,2013-2014,Rapeseed/Mustard,Rabi,3050
280,2013-2014,Safflower,Rabi,3000
281,2013-2014,Toria,Rabi,3020
282,2013-2014,Copra - Milling,Others,5250
283,2013-2014,Copra - Ball,Others,5500
284,2013-2014,De-Husked Coconut,Others,1425
285,2013-2014,Jute,Others,2300
286,2013-2014,Sugarcane ,Others,210
287,2011-2012,Paddy - Common,Kharif,1080
288,2011-2012,Paddy - Grade 'A',Kharif,1110
289,2011-2012,Jowar - Hybrid,Kharif,980
290,2011-2012,Jowar - Maldandi,Kharif,1000
291,2011-2012,Bajra,Kharif,980
292,2011-2012,Maize,Kharif,980
293,2011-2012,Ragi,Kharif,1050
294,2011-2012,Arhar(Tur),Kharif,3200
295,2011-2012,"Moong,",Kharif,3500
296,2011-2012,Urad,Kharif,3300
297,2011-2012,Cotton,Kharif,2800
298,2011-2012,Cotton H-4,Kharif,3300
299,2011-2012,Groundnut In Shell,Kharif,2700
300,2011-2012,Sunflower  Seed,Kharif,2800
301,2011-2012,Soyabeen - Black,Kharif,1650
302,2011-2012,Soyabeen - Yellow,Kharif,1690
303,2011-2012,Sesamum,Kharif,3400
304,2011-2012,Nigerseed,Kharif,2900
305,2011-2012,Wheat,Rabi,1285
306,2011-2012,Barley,Rabi,980
307,2011-2012,Gram,Rabi,2800
308,2011-2012,Masur (Lentil),Rabi,2800
309,2011-2012,Rapeseed/Mustard,Rabi,2500
310,2011-2012,Safflower,Rabi,2500
311,2011-2012,Toria,Rabi,2425
312,2011-2012,Copra - Milling,Others,4525
313,2011-2012,Copra - Ball,Others,4775
314,2011-2012,De-Husked Coconut,Others,1200
315,2011-2012,Jute,Others,1675
316,2011-2012,Sugarcane ,Others,145
317,2012-2013,Paddy - Common,Kharif,1250
318,2012-2013,Paddy - Grade 'A',Kharif,1280
319,2012-2013,Jowar - Hybrid,Kharif,1500
320,2012-2013,Jowar - Maldandi,Kharif,1520
321,2012-2013,Bajra,Kharif,1175
322,2012-2013,Maize,Kharif,1175
323,2012-2013,Ragi,Kharif,1500
324,2012-2013,Arhar(Tur),Kharif,3850
325,2012-2013,"Moong,",Kharif,4400
326,2012-2013,Urad,Kharif,4300
327,2012-2013,Cotton,Kharif,3600
328,2012-2013,Cotton H-4,Kharif,3900
329,2012-2013,Groundnut In Shell,Kharif,3700
330,2012-2013,Sunflower  Seed,Kharif,3700
331,2012-2013,Soyabeen - Black,Kharif,2200
332,2012-2013,Soyabeen - Yellow,Kharif,2240
333,2012-2013,Sesamum,Kharif,4200
334,2012-2013,Nigerseed,Kharif,3500
335,2012-2013,Wheat,Rabi,1350
336,2012-2013,Barley,Rabi,980
337,2012-2013,Gram,Rabi,3000
338,2012-2013,Masur (Lentil),Rabi,2900
339,2012-2013,Rapeseed/Mustard,Rabi,3000
340,2012-2013,Safflower,Rabi,2800
341,2012-2013,Toria,Rabi,2970
342,2012-2013,Copra - Milling,Others,5100
343,2012-2013,Copra - Ball,Others,5350
344,2012-2013,De-Husked Coconut,Others,1400
345,2012-2013,Jute,Others,2200
346,2012-2013,Sugarcane ,Others,170
347,2010-2011,Paddy - Common,Kharif,1000
348,2010-2011,Paddy - Grade 'A',Kharif,1030
349,2010-2011,Jowar - Hybrid,Kharif,880
350,2010-2011,Jowar - Maldandi,Kharif,900
351,2010-2011,Bajra,Kharif,880
352,2010-2011,Maize,Kharif,880
353,2010-2011,Ragi,Kharif,965
354,2010-2011,Arhar(Tur),Kharif,3000
355,2010-2011,"Moong,",Kharif,3170
356,2010-2011,Urad,Kharif,2900
357,2010-2011,Cotton,Kharif,2500
358,2010-2011,Cotton H-4,Kharif,3000
359,2010-2011,Groundnut In Shell,Kharif,2300
360,2010-2011,Sunflower  Seed,Kharif,2350
361,2010-2011,Soyabeen - Black,Kharif,1400
362,2010-2011,Soyabeen - Yellow,Kharif,1440
363,2010-2011,Sesamum,Kharif,2900
364,2010-2011,Nigerseed,Kharif,2450
365,2010-2011,Wheat,Rabi,1120
366,2010-2011,Barley,Rabi,780
367,2010-2011,Gram,Rabi,2100
368,2010-2011,Masur (Lentil),Rabi,2250
369,2010-2011,Rapeseed/Mustard,Rabi,1850
370,2010-2011,Safflower,Rabi,1800
371,2010-2011,Toria,Rabi,1780
372,2010-2011,Copra - Milling,Others,4450
373,2010-2011,Copra - Ball,Others,4700
374,2010-2011,De-Husked Coconut,Others,1200
375,2010-2011,Jute,Others,1575
376,2010-2011,Sugarcane ,Others,139.12
377,2009-2010,Paddy - Common,Kharif,950
378,2009-2010,Paddy - Grade 'A',Kharif,980
379,2009-2010,Jowar - Hybrid,Kharif,840
380,2009-2010,Jowar - Maldandi,Kharif,860
381,2009-2010,Bajra,Kharif,840
382,2009-2010,Maize,Kharif,840
383,2009-2010,Ragi,Kharif,915
384,2009-2010,Arhar(Tur),Kharif,2300
385,2009-2010,"Moong,",Kharif,2760
386,2009-2010,Urad,Kharif,2520
387,2009-2010,Cotton,Kharif,2500
388,2009-2010,Cotton H-4,Kharif,3000
389,2009-2010,Groundnut In Shell,Kharif,2100
390,2009-2010,Sunflower  Seed,Kharif,2215
391,2009-2010,Soyabeen - Black,Kharif,1350
392,2009-2010,Soyabeen - Yellow,Kharif,1390
393,2009-2010,Sesamum,Kharif,2850
394,2009-2010,Nigerseed,Kharif,2405
395,2009-2010,Wheat,Rabi,1100
396,2009-2010,Barley,Rabi,750
397,2009-2010,Gram,Rabi,1760
398,2009-2010,Masur (Lentil),Rabi,1870
399,2009-2010,Rapeseed/Mustard,Rabi,1830
400,2009-2010,Safflower,Rabi,1680
401,2009-2010,Toria,Rabi,1735
402,2009-2010,Copra - Milling,Others,4450
403,2009-2010,Copra - Ball,Others,4700
404,2009-2010,De-Husked Coconut,Others,1200
405,2009-2010,Jute,Others,1375
406,2009-2010,Sugarcane ,Others,129.84
407,2008-2009,Paddy - Common,Kharif,850
408,2008-2009,Paddy - Grade 'A',Kharif,880
409,2008-2009,Jowar - Hybrid,Kharif,840
410,2008-2009,Jowar - Maldandi,Kharif,860
411,2008-2009,Bajra,Kharif,840
412,2008-2009,Maize,Kharif,840
413,2008-2009,Ragi,Kharif,915
414,2008-2009,Arhar(Tur),Kharif,2000
415,2008-2009,"Moong,",Kharif,2520
416,2008-2009,Urad,Kharif,2520
417,2008-2009,Cotton,Kharif,2500
418,2008-2009,Cotton H-4,Kharif,3000
419,2008-2009,Groundnut In Shell,Kharif,2100
420,2008-2009,Sunflower  Seed,Kharif,2215
421,2008-2009,Soyabeen - Black,Kharif,1350
422,2008-2009,Soyabeen - Yellow,Kharif,1390
423,2008-2009,Sesamum,Kharif,2750
424,2008-2009,Nigerseed,Kharif,2405
425,2008-2009,Wheat,Rabi,1080
426,2008-2009,Barley,Rabi,680
427,2008-2009,Gram,Rabi,1730
428,2008-2009,Masur (Lentil),Rabi,1870
429,2008-2009,Rapeseed/Mustard,Rabi,1830
430,2008-2009,Safflower,Rabi,1650
431,2008-2009,Toria,Rabi,1735
432,2008-2009,Copra - Milling,Others,3660
433,2008-2009,Copra - Ball,Others,3910
434,2008-2009,De-Husked Coconut,Others,988
435,2008-2009,Jute,Others,1250
436,2008-2009,Sugarcane ,Others,81.18
437,2007-2008,Paddy - Common,Kharif,645
438,2007-2008,Paddy - Grade 'A',Kharif,675
439,2007-2008,Jowar - Hybrid,Kharif,600
440,2007-2008,Jowar - Maldandi,Kharif,620
441,2007-2008,Bajra,Kharif,600
442,2007-2008,Maize,Kharif,620
443,2007-2008,Ragi,Kharif,600
444,2007-2008,Arhar(Tur),Kharif,1550
445,2007-2008,"Moong,",Kharif,1700
446,2007-2008,Urad,Kharif,1700
447,2007-2008,Cotton,Kharif,1800
448,2007-2008,Cotton H-4,Kharif,2030
449,2007-2008,Groundnut In Shell,Kharif,1550
450,2007-2008,Sunflower  Seed,Kharif,1510
451,2007-2008,Soyabeen - Black,Kharif,910
452,2007-2008,Soyabeen - Yellow,Kharif,1050
453,2007-2008,Sesamum,Kharif,1580
454,2007-2008,Nigerseed,Kharif,1240
455,2007-2008,Wheat,Rabi,1000
456,2007-2008,Barley,Rabi,650
457,2007-2008,Gram,Rabi,1600
458,2007-2008,Masur (Lentil),Rabi,1700
459,2007-2008,Rapeseed/Mustard,Rabi,1800
460,2007-2008,Safflower,Rabi,1650
461,2007-2008,Toria,Rabi,1735
462,2007-2008,Copra - Milling,Others,3620
463,2007-2008,Copra - Ball,Others,3870
464,2007-2008,Jute,Others,1055
465,2007-2008,Sugarcane ,Others,81.18
466,2007-2008,Tobacco - Black Soil (F2 Gr),Others,32
467,2007-2008,Tobacco - Light Soil (L2 Gr),Others,34
468,2006-2007,Paddy - Common,Kharif,580
469,2006-2007,Paddy - Grade 'A',Kharif,610
470,2006-2007,Jowar - Hybrid,Kharif,540
471,2006-2007,Jowar - Maldandi,Kharif,555
472,2006-2007,Bajra,Kharif,540
473,2006-2007,Maize,Kharif,540
474,2006-2007,Ragi,Kharif,540
475,2006-2007,Arhar(Tur),Kharif,1410
476,2006-2007,"Moong,",Kharif,1520
477,2006-2007,Urad,Kharif,1520
478,2006-2007,Cotton,Kharif,1770
479,2006-2007,Cotton H-4,Kharif,1990
480,2006-2007,Groundnut In Shell,Kharif,1520
481,2006-2007,Sunflower  Seed,Kharif,1500
482,2006-2007,Soyabeen - Black,Kharif,900
483,2006-2007,Soyabeen - Yellow,Kharif,1020
484,2006-2007,Sesamum,Kharif,1560
485,2006-2007,Nigerseed,Kharif,1220
486,2006-2007,Wheat,Rabi,750
487,2006-2007,Barley,Rabi,565
488,2006-2007,Gram,Rabi,1445
489,2006-2007,Masur (Lentil),Rabi,1545
490,2006-2007,Rapeseed/Mustard,Rabi,1715
491,2006-2007,Safflower,Rabi,1565
492,2006-2007,Toria,Rabi,1680
493,2006-2007,Copra - Milling,Others,3590
494,2006-2007,Copra - Ball,Others,3840
495,2006-2007,Jute,Others,1000
496,2006-2007,Sugarcane ,Others,80.25
497,2006-2007,Tobacco - Black Soil (F2 Gr),Others,32
498,2006-2007,Tobacco - Light Soil (L2 Gr),Others,34
499,2005-2006,Paddy - Common,Kharif,570
500,2005-2006,Paddy - Grade 'A',Kharif,600
501,2005-2006,Jowar - Hybrid,Kharif,525
502,2005-2006,Bajra,Kharif,525
503,2005-2006,Maize,Kharif,540
504,2005-2006,Ragi,Kharif,525
505,2005-2006,Arhar(Tur),Kharif,1400
506,2005-2006,"Moong,",Kharif,1520
507,2005-2006,Urad,Kharif,1520
508,2005-2006,Cotton,Kharif,1760
509,2005-2006,Cotton H-4,Kharif,1880
510,2005-2006,Groundnut In Shell,Kharif,1520
511,2005-2006,Sunflower  Seed,Kharif,1500
512,2005-2006,Soyabeen - Black,Kharif,900
513,2005-2006,Soyabeen - Yellow,Kharif,1010
514,2005-2006,Sesamum,Kharif,1550
515,2005-2006,Nigerseed,Kharif,1200
516,2005-2006,Wheat,Rabi,650
517,2005-2006,Barley,Rabi,550
518,2005-2006,Gram,Rabi,1435
519,2005-2006,Masur (Lentil),Rabi,1535
520,2005-2006,Rapeseed/Mustard,Rabi,1715
521,2005-2006,Safflower,Rabi,1565
522,2005-2006,Toria,Rabi,1680
523,2005-2006,Copra - Milling,Others,3570
524,2005-2006,Copra - Ball,Others,3820
525,2005-2006,Jute,Others,910
526,2005-2006,Sugarcane ,Others,79.5
527,2005-2006,Tobacco - Black Soil (F2 Gr),Others,32
528,2005-2006,Tobacco - Light Soil (L2 Gr),Others,34
529,2004-2005,Paddy - Common,Kharif,560
530,2004-2005,Paddy - Grade 'A',Kharif,590
531,2004-2005,Jowar - Hybrid,Kharif,515
532,2004-2005,Bajra,Kharif,515
533,2004-2005,Maize,Kharif,525
534,2004-2005,Ragi,Kharif,515
535,2004-2005,Arhar(Tur),Kharif,1390
536,2004-2005,"Moong,",Kharif,1410
537,2004-2005,Urad,Kharif,1410
538,2004-2005,Cotton,Kharif,1760
539,2004-2005,Cotton H-4,Kharif,1960
540,2004-2005,Groundnut In Shell,Kharif,1500
541,2004-2005,Sunflower  Seed,Kharif,1340
542,2004-2005,Soyabeen - Black,Kharif,900
543,2004-2005,Soyabeen - Yellow,Kharif,1000
544,2004-2005,Sesamum,Kharif,1500
545,2004-2005,Nigerseed,Kharif,1180
546,2004-2005,Wheat,Rabi,640
547,2004-2005,Barley,Rabi,540
548,2004-2005,Gram,Rabi,1425
549,2004-2005,Masur (Lentil),Rabi,1525
550,2004-2005,Rapeseed/Mustard,Rabi,1700
551,2004-2005,Safflower,Rabi,1550
552,2004-2005,Toria,Rabi,1665
553,2004-2005,Copra - Milling,Others,3500
554,2004-2005,Copra - Ball,Others,3750
555,2004-2005,Jute,Others,890
556,2004-2005,Sugarcane ,Others,74.5
557,2004-2005,Tobacco - Black Soil (F2 Gr),Others,32
558,2004-2005,Tobacco - Light Soil (L2 Gr),Others,34
559,2003-2004,Paddy - Common,Kharif,550
560,2003-2004,Paddy - Grade 'A',Kharif,580
561,2003-2004,Jowar - Hybrid,Kharif,505
562,2003-2004,Bajra,Kharif,505
563,2003-2004,Maize,Kharif,505
564,2003-2004,Ragi,Kharif,505
565,2003-2004,Arhar(Tur),Kharif,1360
566,2003-2004,"Moong,",Kharif,1370
567,2003-2004,Urad,Kharif,1370
568,2003-2004,Cotton,Kharif,1725
569,2003-2004,Cotton H-4,Kharif,1825
570,2003-2004,Groundnut In Shell,Kharif,1400
571,2003-2004,Sunflower  Seed,Kharif,1250
572,2003-2004,Soyabeen - Black,Kharif,840
573,2003-2004,Soyabeen - Yellow,Kharif,930
574,2003-2004,Sesamum,Kharif,1485
575,2003-2004,Nigerseed,Kharif,1155
576,2003-2004,Wheat,Rabi,630
577,2003-2004,Barley,Rabi,525
578,2003-2004,Gram,Rabi,1400
579,2003-2004,Masur (Lentil),Rabi,1500
580,2003-2004,Rapeseed/Mustard,Rabi,1600
581,2003-2004,Safflower,Rabi,1500
582,2003-2004,Toria,Rabi,1565
583,2003-2004,Copra - Milling,Others,3320
584,2003-2004,Copra - Ball,Others,3570
585,2003-2004,Jute,Others,860
586,2003-2004,Sugarcane ,Others,73
587,2003-2004,Tobacco - Black Soil (F2 Gr),Others,31
588,2003-2004,Tobacco - Light Soil (L2 Gr),Others,33
589,2002-2003,Paddy - Common,Kharif,530
590,2002-2003,Paddy - Grade 'A',Kharif,560
591,2002-2003,Jowar - Hybrid,Kharif,485
592,2002-2003,Bajra,Kharif,485
593,2002-2003,Maize,Kharif,485
594,2002-2003,Ragi,Kharif,485
595,2002-2003,Arhar(Tur),Kharif,1320
596,2002-2003,"Moong,",Kharif,1330
597,2002-2003,Urad,Kharif,1330
598,2002-2003,Cotton,Kharif,1675
599,2002-2003,Cotton H-4,Kharif,1875
600,2002-2003,Groundnut In Shell,Kharif,1355
601,2002-2003,Sunflower  Seed,Kharif,1195
602,2002-2003,Soyabeen - Black,Kharif,795
603,2002-2003,Soyabeen - Yellow,Kharif,885
604,2002-2003,Sesamum,Kharif,1450
605,2002-2003,Nigerseed,Kharif,1120
606,2002-2003,Wheat,Rabi,620
607,2002-2003,Barley,Rabi,500
608,2002-2003,Gram,Rabi,1220
609,2002-2003,Masur (Lentil),Rabi,1320
610,2002-2003,Rapeseed/Mustard,Rabi,1330
611,2002-2003,Safflower,Rabi,1300
612,2002-2003,Toria,Rabi,1295
613,2002-2003,Copra - Milling,Others,3300
614,2002-2003,Copra - Ball,Others,3550
615,2002-2003,Jute,Others,850
616,2002-2003,Sugarcane ,Others,69.5
617,2002-2003,Tobacco - Black Soil (F2 Gr),Others,28
618,2002-2003,Tobacco - Light Soil (L2 Gr),Others,30
619,2001-2002,Paddy - Common,Kharif,530
620,2001-2002,Paddy - Grade 'A',Kharif,560
621,2001-2002,Jowar - Hybrid,Kharif,485
622,2001-2002,Bajra,Kharif,485
623,2001-2002,Maize,Kharif,485
624,2001-2002,Ragi,Kharif,485
625,2001-2002,Arhar(Tur),Kharif,1320
626,2001-2002,"Moong,",Kharif,1320
627,2001-2002,Urad,Kharif,1320
628,2001-2002,Cotton,Kharif,1675
629,2001-2002,Cotton H-4,Kharif,1875
630,2001-2002,Groundnut In Shell,Kharif,1340
631,2001-2002,Sunflower  Seed,Kharif,1185
632,2001-2002,Soyabeen - Black,Kharif,795
633,2001-2002,Soyabeen - Yellow,Kharif,885
634,2001-2002,Sesamum,Kharif,1400
635,2001-2002,Nigerseed,Kharif,1100
636,2001-2002,Wheat,Rabi,620
637,2001-2002,Barley,Rabi,500
638,2001-2002,Gram,Rabi,1200
639,2001-2002,Masur (Lentil),Rabi,1300
640,2001-2002,Rapeseed/Mustard,Rabi,1300
641,2001-2002,Safflower,Rabi,1300
642,2001-2002,Toria,Rabi,1265
643,2001-2002,Copra - Milling,Others,3300
644,2001-2002,Copra - Ball,Others,3550
645,2001-2002,Jute,Others,810
646,2001-2002,Sugarcane ,Others,62.05
647,2001-2002,Tobacco - Black Soil (F2 Gr),Others,27
648,2001-2002,Tobacco - Light Soil (L2 Gr),Others,29
649,2000-2001,Paddy - Common,Kharif,510
650,2000-2001,Paddy - Grade 'A',Kharif,540
651,2000-2001,Jowar - Hybrid,Kharif,445
652,2000-2001,Bajra,Kharif,445
653,2000-2001,Maize,Kharif,445
654,2000-2001,Ragi,Kharif,445
655,2000-2001,Arhar(Tur),Kharif,1200
656,2000-2001,"Moong,",Kharif,1200
657,2000-2001,Urad,Kharif,1200
658,2000-2001,Cotton,Kharif,1625
659,2000-2001,Cotton H-4,Kharif,1825
660,2000-2001,Groundnut In Shell,Kharif,1220
661,2000-2001,Sunflower  Seed,Kharif,1170
662,2000-2001,Soyabeen - Black,Kharif,775
663,2000-2001,Soyabeen - Yellow,Kharif,865
664,2000-2001,Sesamum,Kharif,1300
665,2000-2001,Nigerseed,Kharif,1025
666,2000-2001,Wheat,Rabi,610
667,2000-2001,Barley,Rabi,500
668,2000-2001,Gram,Rabi,1100
669,2000-2001,Masur (Lentil),Rabi,1200
670,2000-2001,Rapeseed/Mustard,Rabi,1200
671,2000-2001,Safflower,Rabi,1200
672,2000-2001,Toria,Rabi,1165
673,2000-2001,Copra - Milling,Others,3250
674,2000-2001,Copra - Ball,Others,3500
675,2000-2001,Jute,Others,785
676,2000-2001,Sugarcane ,Others,59.5
677,2000-2001,Tobacco - Black Soil (F2 Gr),Others,26
678,2000-2001,Tobacco - Light Soil (L2 Gr),Others,28
679,1999-2000,Paddy - Common,Kharif,490
680,1999-2000,Paddy - Grade 'A',Kharif,520
681,1999-2000,Jowar - Hybrid,Kharif,415
682,1999-2000,Bajra,Kharif,415
683,1999-2000,Maize,Kharif,415
684,1999-2000,Ragi,Kharif,415
685,1999-2000,Arhar(Tur),Kharif,1105
686,1999-2000,"Moong,",Kharif,1105
687,1999-2000,Urad,Kharif,1105
688,1999-2000,Cotton,Kharif,1575
689,1999-2000,Cotton H-4,Kharif,1775
690,1999-2000,Groundnut In Shell,Kharif,1155
691,1999-2000,Sunflower  Seed,Kharif,1155
692,1999-2000,Soyabeen - Black,Kharif,755
693,1999-2000,Soyabeen - Yellow,Kharif,845
694,1999-2000,Sesamum,Kharif,1205
695,1999-2000,Nigerseed,Kharif,915
696,1999-2000,Wheat,Rabi,580
697,1999-2000,Barley,Rabi,430
698,1999-2000,Gram,Rabi,1015
699,1999-2000,Rapeseed/Mustard,Rabi,1100
700,1999-2000,Safflower,Rabi,1100
701,1999-2000,Toria,Rabi,1065
702,1999-2000,Copra - Milling,Others,3100
703,1999-2000,Copra - Ball,Others,3325
704,1999-2000,Jute,Others,750
705,1999-2000,Sugarcane ,Others,56.1
706,1999-2000,Tobacco - Black Soil (F2 Gr),Others,25
707,1999-2000,Tobacco - Light Soil (L2 Gr),Others,27
708,1998-1999,Paddy - Common,Kharif,440
709,1998-1999,Paddy - Grade 'A',Kharif,470
710,1998-1999,Jowar - Hybrid,Kharif,390
711,1998-1999,Bajra,Kharif,390
712,1998-1999,Maize,Kharif,390
713,1998-1999,Ragi,Kharif,390
714,1998-1999,Arhar(Tur),Kharif,960
715,1998-1999,"Moong,",Kharif,960
716,1998-1999,Urad,Kharif,960
717,1998-1999,Cotton,Kharif,1440
718,1998-1999,Cotton H-4,Kharif,1650
719,1998-1999,Groundnut In Shell,Kharif,1040
720,1998-1999,Sunflower  Seed,Kharif,1060
721,1998-1999,Soyabeen - Black,Kharif,705
722,1998-1999,Soyabeen - Yellow,Kharif,795
723,1998-1999,Sesamum,Kharif,1060
724,1998-1999,Nigerseed,Kharif,850
725,1998-1999,Wheat,Rabi,550
726,1998-1999,Barley,Rabi,385
727,1998-1999,Gram,Rabi,895
728,1998-1999,Rapeseed/Mustard,Rabi,1000
729,1998-1999,Safflower,Rabi,990
730,1998-1999,Toria,Rabi,965
731,1998-1999,Copra - Milling,Others,2900
732,1998-1999,Copra - Ball,Others,3125
733,1998-1999,Jute,Others,650
734,1998-1999,Sugarcane ,Others,52.7
735,1998-1999,Tobacco - Black Soil (F2 Gr),Others,22.5
736,1998-1999,Tobacco - Light Soil (L2 Gr),Others,25.5
